play_id,title,categories,total_episodes,episodes_obtenidos,ep1_url,cover
68af23b04a5ea527ab57c416,Lightning Marriage with a Tycoon Husband,CEO|Romance,58,58,https://freereels.s3.us-east-1.amazonaws.com/videos/2025/08/27/415ed609-0dc5-422f-936a-0d3812a0861a.mp4,https://freereels.s3.us-east-1.amazonaws.com/images/2025/08/27/9655d6a2-c776-4395-adef-27b90dbc37f6.jpg
68b075fd76078d7742019f16,Flash Marriage with the Billionaire Tycoon,CEO,58,58,https://freereels.s3.us-east-1.amazonaws.com/videos/2025/08/28/b8493bb0-a21b-462f-ab1f-6533b5077847.mp4,https://freereels.s3.us-east-1.amazonaws.com/images/2025/08/28/6a1a9c42-dd12-445d-85dc-4f1c9e6838eb.jpg
68bf819576078d774201a49e,ACCIDENTAL SURROGATE FOR MY CAPTAIN EX,Second-chance Love,30,30,https://freereels.s3.us-east-1.amazonaws.com/videos/2025/09/09/446f58c3-f719-45c8-b97e-6f789ea1c37d.mp4,https://freereels.s3.us-east-1.amazonaws.com/images/2025/09/09/c60b742c-cf31-477e-8975-456b6a3d7f60.jpg
68bf85c176078d774201a83e,Falling In Love With My Secret Boss,CEO,22,22,https://freereels.s3.us-east-1.amazonaws.com/videos/2025/09/09/4591875d-0401-462c-b0cb-761c3b2c9877.mp4,https://freereels.s3.us-east-1.amazonaws.com/images/2025/09/09/15c0998c-8ca2-4c11-848b-d243ac6e34a5.jpg
68c02c6776078d774201b063,The Office Pushover Is the Real Heiress,CEO,41,41,https://freereels.s3.us-east-1.amazonaws.com/videos/2025/09/09/3caaae86-9329-4aa3-b631-0dc076686ff7.mp4,https://freereels.s3.us-east-1.amazonaws.com/images/2025/09/09/09bf9137-ca3d-4201-b9b1-04da66688669.jpg
68bf84a176078d774201a752,Days Locked With A Call Boy,"Romance,Billionaire,Sweet Love",27,27,https://freereels.s3.us-east-1.amazonaws.com/videos/2025/09/09/a39fc0dd-accb-469e-b103-88d3aeb0c305.mp4,https://freereels.s3.us-east-1.amazonaws.com/images/2025/09/09/b07839a1-b77b-4b60-ab5e-34b53e94dcea.jpg
68bf859776078d774201a814,Date with a Vampire,Destiny,22,22,https://freereels.s3.us-east-1.amazonaws.com/videos/2025/09/09/f9baed65-87fc-441b-a874-2e70ab93f3f8.mp4,https://freereels.s3.us-east-1.amazonaws.com/images/2025/09/09/5d91aa40-e5fd-4447-a6b4-804be45ba117.jpg
68bf84f376078d774201a788,Cause You Were Never Mine,Bitter Love,26,26,https://freereels.s3.us-east-1.amazonaws.com/videos/2025/09/09/d0b55a59-ad55-4c2d-80e9-a6e263c08117.mp4,https://freereels.s3.us-east-1.amazonaws.com/images/2025/09/09/36fdfea3-b80f-4884-ba1a-59c7e8c08c9e.jpg
68bf846076078d774201a722,Yesterday Once More,"Destiny,Romance",24,24,https://freereels.s3.us-east-1.amazonaws.com/videos/2025/09/09/4c58bdd0-50ef-4c56-90ec-7cb6fe3e802c.mp4,https://freereels.s3.us-east-1.amazonaws.com/images/2025/09/09/7f0d38e6-2228-4902-ad8a-becfcdb92ca8.jpg
68bf7c4f76078d774201a04b,I Became Mrs Grayson by Bragging,CEO,31,31,https://freereels.s3.us-east-1.amazonaws.com/videos/2025/09/09/07b787d5-fc52-4cff-8e3a-2a35ee2278d6.mp4,https://freereels.s3.us-east-1.amazonaws.com/images/2025/09/09/624c7e1a-0c9c-493a-88c2-a48a84929071.jpg
68bf7bf476078d774201a017,Come Back For You,Revenge,27,27,https://freereels.s3.us-east-1.amazonaws.com/videos/2025/09/09/05cf4b65-6328-4dbe-af34-36330a02f455.mp4,https://freereels.s3.us-east-1.amazonaws.com/images/2025/09/09/ab95ab89-3ca2-4946-a7bb-d6c23ec2d793.jpg
68bf7c9a76078d774201a087,Let It Be Me,"Sweet Love,Billionaire,Contract Marriage",29,29,https://freereels.s3.us-east-1.amazonaws.com/videos/2025/09/09/6730df59-aaad-48b7-8657-c4dac45f184a.mp4,https://freereels.s3.us-east-1.amazonaws.com/images/2025/09/09/24fb65ca-1009-4827-958a-95cfbad64833.jpg
68bf853d76078d774201a7bc,Damn! The Duke Got The Wrong Girl,CEO,44,44,https://freereels.s3.us-east-1.amazonaws.com/videos/2025/09/09/f7c760a2-9912-4e28-8236-d2b0866a1a1a.mp4,https://freereels.s3.us-east-1.amazonaws.com/images/2025/09/09/0f192186-e85c-4fbc-8b93-9de355aea4ba.jpg
68bf7ee276078d774201a266,Retrieve My Memory Loss Lover,"True Love,Romance",38,38,https://freereels.s3.us-east-1.amazonaws.com/videos/2025/09/09/1a76fd5d-f4f0-4021-a321-11219caa3089.mp4,https://freereels.s3.us-east-1.amazonaws.com/images/2025/09/09/b6c00ddd-e97b-4606-a10f-a44d45eec793.jpg
68bf7f3b76078d774201a2b0,The Beloved of Lycan King,Werewolf,31,31,https://freereels.s3.us-east-1.amazonaws.com/videos/2025/09/09/a3d00b39-69ae-40ba-bfe5-fb7c61c07066.mp4,https://freereels.s3.us-east-1.amazonaws.com/images/2025/09/09/f63bf4d8-2334-4ca5-9883-0bc121e26a5a.jpg
68bf7dd976078d774201a185,Light My Fire,Romance,34,34,https://freereels.s3.us-east-1.amazonaws.com/videos/2025/09/09/887754b5-4edd-4f0b-9a83-eadc982cf670.mp4,https://freereels.s3.us-east-1.amazonaws.com/images/2025/09/09/222021e4-cda6-4141-b5ab-62d97d3474ed.jpg
68bf7eaa76078d774201a23c,My Royal Alpha Boyfriend,Romance,20,20,https://freereels.s3.us-east-1.amazonaws.com/videos/2025/09/09/1517a05b-3c64-43a6-809b-277a6b7edf23.mp4,https://freereels.s3.us-east-1.amazonaws.com/images/2025/09/09/ba5c0c74-ec2f-4c0a-b8bb-5af71d4d5ce4.jpg
68bf7e2376078d774201a1c7,Unwanted True Mate,"Romance,Werewolf",27,27,https://freereels.s3.us-east-1.amazonaws.com/videos/2025/09/09/d4c709d7-0ddf-4d1a-bbfd-5d2e4df34da8.mp4,https://freereels.s3.us-east-1.amazonaws.com/images/2025/09/09/78144a5c-cd16-435f-b984-57de8757a6a2.jpg
68bf7d9076078d774201a14d,Fated to My Billionaire Call Boy,"Sweet Love,Romance",29,29,https://freereels.s3.us-east-1.amazonaws.com/videos/2025/09/09/cefe0878-4ec6-4ff1-9c4f-b4bd0aed589a.mp4,https://freereels.s3.us-east-1.amazonaws.com/images/2025/09/09/41bf325f-c772-40cb-b257-2f371eeb47f9.jpg
68bf7d1976078d774201a0ed,Revenge of XXL Wife,"Romance,Comedy",25,25,https://freereels.s3.us-east-1.amazonaws.com/videos/2025/09/09/6fc69979-4088-4713-ac5f-a5cbd4b04e91.mp4,https://freereels.s3.us-east-1.amazonaws.com/images/2025/09/09/d94d4e85-3c56-4e29-a5c3-b406746c6bb0.jpg
68bf7cdd76078d774201a0bf,Return of the Secret Heiress,"Destiny,CEO",24,24,https://freereels.s3.us-east-1.amazonaws.com/videos/2025/09/09/07290ce8-c2e1-42d4-8399-26646e19db1f.mp4,https://freereels.s3.us-east-1.amazonaws.com/images/2025/09/09/ece15df4-0660-4b97-ad97-e78e11add021.jpg
68bf7d5676078d774201a11d,Falling Into Ceo's Embrace,Destiny,25,25,https://freereels.s3.us-east-1.amazonaws.com/videos/2025/09/09/5128d937-ff76-4014-8c51-d452b5a91faf.mp4,https://freereels.s3.us-east-1.amazonaws.com/images/2025/09/09/6ec63594-65d9-44f5-969a-b035dc63d1c7.jpg
68bf7e6576078d774201a1fb,Flash Vows,Sweet Love,23,23,https://freereels.s3.us-east-1.amazonaws.com/videos/2025/09/09/c74b0183-e713-4105-9edf-fa63c3f47dcd.mp4,https://freereels.s3.us-east-1.amazonaws.com/images/2025/09/09/ddf6f3a6-4b99-4f5b-b99d-35fcad616dee.jpg
68c02d9476078d774201b159,Why Rich Woman Kills,CEO,39,39,https://freereels.s3.us-east-1.amazonaws.com/videos/2025/09/09/58b1500d-3040-4579-ac22-aeaf17f2598f.mp4,https://freereels.s3.us-east-1.amazonaws.com/images/2025/09/09/dcfd8930-7dc7-4f0b-b7ac-6fd099e3c452.jpg
68c02bbc76078d774201afcf,The Double Life Of My Hot Escort,CEO,31,31,https://freereels.s3.us-east-1.amazonaws.com/videos/2025/09/09/6b8292cf-e569-48c7-bf72-8204d850ea7b.mp4,https://freereels.s3.us-east-1.amazonaws.com/images/2025/09/09/949c1820-6a7f-4fe9-a684-5c0d6867f3bc.jpg
68bf815676078d774201a462,Spoiled by My Billionaire Sugar Daddy,CEO,31,31,https://freereels.s3.us-east-1.amazonaws.com/videos/2025/09/09/e0dae600-c7a2-47bc-a655-0ab078508269.mp4,https://freereels.s3.us-east-1.amazonaws.com/images/2025/09/09/579a7b04-f269-4a58-aa7e-1fbe3fd3e45d.jpg
68c02b7176078d774201af9b,The CEO s Contract Wife,CEO,25,25,https://freereels.s3.us-east-1.amazonaws.com/videos/2025/09/09/57230a12-842d-4b79-ba46-25fa441c874f.mp4,https://freereels.s3.us-east-1.amazonaws.com/images/2025/09/09/81a142ef-f713-4231-b4d4-abaf44659f62.jpg
68bf808876078d774201a3bc,Love in the Shadows,Romance,23,23,https://freereels.s3.us-east-1.amazonaws.com/videos/2025/09/09/89683d75-f1f9-42f5-ba0e-3bc2421af46d.mp4,https://freereels.s3.us-east-1.amazonaws.com/images/2025/09/09/6ed87ad8-eaef-4cff-9864-7cb2b9eb17a5.jpg
68bf823176078d774201a514,Tied to My Dangerous Mafia Husband,Romance,29,29,https://freereels.s3.us-east-1.amazonaws.com/videos/2025/09/09/923ef19f-3c1b-4a45-80e3-c8bbe136fd5e.mp4,https://freereels.s3.us-east-1.amazonaws.com/images/2025/09/09/dea15eb1-6be1-4c52-973b-9a64c6a31cdc.jpg
68bf83bb76078d774201a688,CEO's Naughty Secret,Romance,26,26,https://freereels.s3.us-east-1.amazonaws.com/videos/2025/09/09/f4f0bc3b-fbc9-4622-871b-119c3d27dbe3.mp4,https://freereels.s3.us-east-1.amazonaws.com/images/2025/09/09/1fe0ebca-a774-48e6-8f03-1bbb2e489a5c.jpg
68c177be4df6dd60a4c33659,Stop Calling Me Miss,Romance,52,52,https://freereels.s3.us-east-1.amazonaws.com/videos/2025/09/10/aa8fab21-f317-46dc-b4ac-47475507f636.mp4,https://freereels.s3.us-east-1.amazonaws.com/images/2025/09/10/8e0f5c70-a73d-4678-ab44-1cbee97c909d.jpg
68bf81eb76078d774201a4da,The Legend of Bloody Moon,Werewolf,30,30,https://freereels.s3.us-east-1.amazonaws.com/videos/2025/09/09/a7e8323f-e337-4ce3-9089-659de2c954f8.mp4,https://freereels.s3.us-east-1.amazonaws.com/images/2025/09/09/3c58edcf-6c23-4d6f-87b5-2aec5350be18.jpg
68bf83f076078d774201a6ba,Don't You Sleep with Me,Sweet Love,31,31,https://freereels.s3.us-east-1.amazonaws.com/videos/2025/09/09/4ff1ee17-13bd-45bb-888e-2439a49b06a5.mp4,https://freereels.s3.us-east-1.amazonaws.com/images/2025/09/09/754e3163-3ccf-499d-8ec8-aa5a6b55cbb7.jpg
68c028b976078d774201adac,Love Me All You Like,Sweet Love,41,41,https://freereels.s3.us-east-1.amazonaws.com/videos/2025/09/09/207c9a21-76cd-4194-b24b-e5064164ad24.mp4,https://freereels.s3.us-east-1.amazonaws.com/images/2025/09/09/d8ce6f68-73f7-4d2c-a8c7-57b6a06c4705.jpg
68bf7f8376078d774201a2ec,The Heiress and Her Bodyguard,Revenge,30,30,https://freereels.s3.us-east-1.amazonaws.com/videos/2025/09/09/74907fbb-b3a5-41c3-a09b-b7629d9adab7.mp4,https://freereels.s3.us-east-1.amazonaws.com/images/2025/09/09/aee43883-27b7-424b-96ac-9bb7115e71e1.jpg
68bf80b676078d774201a3e8,My Heart Dies From Home,Revenge,34,34,https://freereels.s3.us-east-1.amazonaws.com/videos/2025/09/09/373a4c66-0fe8-422a-a480-0889c2e4c812.mp4,https://freereels.s3.us-east-1.amazonaws.com/images/2025/09/09/7ecd96c9-99e5-49c5-9e6f-b6529c711e67.jpg
